{
    "Number_of_nodes": 69,
    "Number_of_edges": 154,
    "Degrees_of_nodes": [
        7,
        5,
        11,
        2,
        1,
        5,
        4,
        9,
        4,
        1,
        7,
        22,
        3,
        3,
        1,
        2,
        2,
        3,
        3,
        1,
        1,
        1,
        2,
        6,
        4,
        2,
        2,
        4,
        1,
        1,
        2,
        4,
        3,
        3,
        14,
        11,
        11,
        10,
        4,
        1,
        2,
        1,
        11,
        8,
        10,
        14,
        5,
        6,
        11,
        3,
        12,
        8,
        1,
        3,
        4,
        3,
        1,
        3,
        5,
        2,
        1,
        3,
        1,
        1,
        1,
        1,
        1,
        1,
        2
    ],
    "Density": 0.06564364876385337,
    "Number_of_connected_components": 2,
    "Clustering_coefficient": {
        "Graham": 0.5238095238095238,
        "Jake": 0.8,
        "Cob": 0.2727272727272727,
        "Jacob": 1.0,
        "Walker": 0,
        "Carter": 0.8,
        "Shep": 1.0,
        "Tehlu": 0.2222222222222222,
        "Taborlin": 0.3333333333333333,
        "Caleb": 0,
        "Bast": 0.38095238095238093,
        "Kvothe": 0.15151515151515152,
        "Teren": 0,
        "Abenthy": 0,
        "Illien": 0,
        "Shandi": 0,
        "Arliden": 0,
        "Haliax": 0.3333333333333333,
        "Ben": 0.3333333333333333,
        "Encanis": 0,
        "Loni": 0,
        "Perial": 0,
        "Lyra": 1.0,
        "Lanre": 0.26666666666666666,
        "Selitos": 0.5,
        "Aleph": 1.0,
        "Iax": 1.0,
        "Skarpi": 0.16666666666666666,
        "Erlus": 0,
        "Derrik": 0,
        "Trapis": 0,
        "Roent": 0.5,
        "Reta": 1.0,
        "Josn": 1.0,
        "Denna": 0.16483516483516483,
        "Lorren": 0.36363636363636365,
        "Simmon": 0.34545454545454546,
        "Manet": 0.28888888888888886,
        "Sovoy": 0.3333333333333333,
        "Gel": 0,
        "Basil": 1.0,
        "Jamison": 0,
        "Hemme": 0.32727272727272727,
        "Arwyl": 0.5357142857142857,
        "Elxa": 0.4222222222222222,
        "Kilvin": 0.37362637362637363,
        "Mandrag": 0.6,
        "Brandeur": 0.8,
        "Elodin": 0.509090909090909,
        "Mola": 0.6666666666666666,
        "Ambrose": 0.36363636363636365,
        "Fela": 0.35714285714285715,
        "Tim": 0,
        "Fenton": 0.3333333333333333,
        "Stanchion": 0.6666666666666666,
        "Savien": 0.6666666666666666,
        "Arthur": 0,
        "Devi": 0.6666666666666666,
        "Auri": 0.3,
        "Anker": 1.0,
        "Katie": 0,
        "Devan": 1.0,
        "Aaron": 0,
        "Martin": 0,
        "Cinder": 0,
        "Nathan": 0,
        "Ordal": 0,
        "Teccam": 0,
        "Cammar": 0
    },
    "Betweenness_centrality": {
        "Graham": 0.03911370821298802,
        "Jake": 0.010318608083383942,
        "Cob": 0.09300392101452656,
        "Jacob": 0.0,
        "Walker": 0.0,
        "Carter": 0.0007002801120448178,
        "Shep": 0.0,
        "Tehlu": 0.10941301539425204,
        "Taborlin": 0.222751787282077,
        "Caleb": 0.0,
        "Bast": 0.039385745213454545,
        "Kvothe": 0.4494809854482085,
        "Teren": 0.0031869200709256484,
        "Abenthy": 0.017295079681460917,
        "Illien": 0.0,
        "Shandi": 0.004574106022745179,
        "Arliden": 0.007822452212526065,
        "Haliax": 0.028094820017559263,
        "Ben": 0.029160086156677596,
        "Encanis": 0.0,
        "Loni": 0.0,
        "Perial": 0.0,
        "Lyra": 0.0,
        "Lanre": 0.10776997366110623,
        "Selitos": 0.0006584723441615452,
        "Aleph": 0.0,
        "Iax": 0.0,
        "Skarpi": 0.2032484635645303,
        "Erlus": 0.0,
        "Derrik": 0.0,
        "Trapis": 0.0004389815627743635,
        "Roent": 0.028094820017559263,
        "Reta": 0.0,
        "Josn": 0.0,
        "Denna": 0.16606224962239008,
        "Lorren": 0.09423345686376162,
        "Simmon": 0.05393681246106896,
        "Manet": 0.052338281562625294,
        "Sovoy": 0.003188982512950905,
        "Gel": 0.0,
        "Basil": 0.0,
        "Jamison": 0.0,
        "Hemme": 0.06992608429134821,
        "Arwyl": 0.019196249913002728,
        "Elxa": 0.012916667865607377,
        "Kilvin": 0.10619006971841792,
        "Mandrag": 0.002462557927878384,
        "Brandeur": 0.0005076569697237982,
        "Elodin": 0.03971423500044525,
        "Mola": 0.000515977535292724,
        "Ambrose": 0.04606392228158647,
        "Fela": 0.023870987665405668,
        "Tim": 0.0,
        "Fenton": 0.002409727632517461,
        "Stanchion": 0.0009434252884185881,
        "Savien": 0.000577607319439952,
        "Arthur": 0.0,
        "Devi": 0.0010546959625098344,
        "Auri": 0.01780657153791482,
        "Anker": 0.0,
        "Katie": 0.0,
        "Devan": 0.0,
        "Aaron": 0.0,
        "Martin": 0.0,
        "Cinder": 0.0,
        "Nathan": 0.0,
        "Ordal": 0.0,
        "Teccam": 0.0,
        "Cammar": 0.028094820017559263
    }
}